STRUCTURE,STRUCTURE_ID,STRUCTURE_NAME,ACTION,GEO,"Kantone, Bezirke und Gemeinden (06.04.2025)",NATCAT,Staatsangehörigkeit (Kategorie),ORT,Geburtsort,SEX,Geschlecht,FREQ,Frequenz der Beobachtung,TIME_PERIOD,Statistikjahr,OBS_VALUE,Beobachtungswert,OBS_STATUS,Beobachtungsstatus
DATAFLOW,CH1.STATPOP:DF_STATPOP_GEO_NATCAT_ORT_SEX(1.0.0),"Ständige Wohnbevölkerung nach institutionellen Gliederungen, Staatsangehörigkeit (Kategorie), Geburtsort und Geschlecht",I,8100,Schweiz,_T,Total,1,In der Schweiz,_T,Total,A,Jährlich,2010,,5772668,,A,Normaler Wert
DATAFLOW,CH1.STATPOP:DF_STATPOP_GEO_NATCAT_ORT_SEX(1.0.0),"Ständige Wohnbevölkerung nach institutionellen Gliederungen, Staatsangehörigkeit (Kategorie), Geburtsort und Geschlecht",I,8100,Schweiz,_T,Total,1,In der Schweiz,_T,Total,A,Jährlich,2011,,5796238,,A,Normaler Wert
DATAFLOW,CH1.STATPOP:DF_STATPOP_GEO_NATCAT_ORT_SEX(1.0.0),"Ständige Wohnbevölkerung nach institutionellen Gliederungen, Staatsangehörigkeit (Kategorie), Geburtsort und Geschlecht",I,8100,Schweiz,_T,Total,1,In der Schweiz,_T,Total,A,Jährlich,2012,,5820615,,A,Normaler Wert
DATAFLOW,CH1.STATPOP:DF_STATPOP_GEO_NATCAT_ORT_SEX(1.0.0),"Ständige Wohnbevölkerung nach institutionellen Gliederungen, Staatsangehörigkeit (Kategorie), Geburtsort und Geschlecht",I,8100,Schweiz,_T,Total,1,In der Schweiz,_T,Total,A,Jährlich,2013,,5850071,,A,Normaler Wert
DATAFLOW,CH1.STATPOP:DF_STATPOP_GEO_NATCAT_ORT_SEX(1.0.0),"Ständige Wohnbevölkerung nach institutionellen Gliederungen, Staatsangehörigkeit (Kategorie), Geburtsort und Geschlecht",I,8100,Schweiz,_T,Total,1,In der Schweiz,_T,Total,A,Jährlich,2014,,5882829,,A,Normaler Wert
DATAFLOW,CH1.STATPOP:DF_STATPOP_GEO_NATCAT_ORT_SEX(1.0.0),"Ständige Wohnbevölkerung nach institutionellen Gliederungen, Staatsangehörigkeit (Kategorie), Geburtsort und Geschlecht",I,8100,Schweiz,_T,Total,1,In der Schweiz,_T,Total,A,Jährlich,2015,,5910732,,A,Normaler Wert
DATAFLOW,CH1.STATPOP:DF_STATPOP_GEO_NATCAT_ORT_SEX(1.0.0),"Ständige Wohnbevölkerung nach institutionellen Gliederungen, Staatsangehörigkeit (Kategorie), Geburtsort und Geschlecht",I,8100,Schweiz,_T,Total,1,In der Schweiz,_T,Total,A,Jährlich,2016,,5939518,,A,Normaler Wert
DATAFLOW,CH1.STATPOP:DF_STATPOP_GEO_NATCAT_ORT_SEX(1.0.0),"Ständige Wohnbevölkerung nach institutionellen Gliederungen, Staatsangehörigkeit (Kategorie), Geburtsort und Geschlecht",I,8100,Schweiz,_T,Total,1,In der Schweiz,_T,Total,A,Jährlich,2017,,5965062,,A,Normaler Wert
DATAFLOW,CH1.STATPOP:DF_STATPOP_GEO_NATCAT_ORT_SEX(1.0.0),"Ständige Wohnbevölkerung nach institutionellen Gliederungen, Staatsangehörigkeit (Kategorie), Geburtsort und Geschlecht",I,8100,Schweiz,_T,Total,1,In der Schweiz,_T,Total,A,Jährlich,2018,,5991111,,A,Normaler Wert
DATAFLOW,CH1.STATPOP:DF_STATPOP_GEO_NATCAT_ORT_SEX(1.0.0),"Ständige Wohnbevölkerung nach institutionellen Gliederungen, Staatsangehörigkeit (Kategorie), Geburtsort und Geschlecht",I,8100,Schweiz,_T,Total,1,In der Schweiz,_T,Total,A,Jährlich,2019,,6015994,,A,Normaler Wert
DATAFLOW,CH1.STATPOP:DF_STATPOP_GEO_NATCAT_ORT_SEX(1.0.0),"Ständige Wohnbevölkerung nach institutionellen Gliederungen, Staatsangehörigkeit (Kategorie), Geburtsort und Geschlecht",I,8100,Schweiz,_T,Total,1,In der Schweiz,_T,Total,A,Jährlich,2020,,6039868,,A,Normaler Wert
DATAFLOW,CH1.STATPOP:DF_STATPOP_GEO_NATCAT_ORT_SEX(1.0.0),"Ständige Wohnbevölkerung nach institutionellen Gliederungen, Staatsangehörigkeit (Kategorie), Geburtsort und Geschlecht",I,8100,Schweiz,_T,Total,1,In der Schweiz,_T,Total,A,Jährlich,2021,,6066351,,A,Normaler Wert
DATAFLOW,CH1.STATPOP:DF_STATPOP_GEO_NATCAT_ORT_SEX(1.0.0),"Ständige Wohnbevölkerung nach institutionellen Gliederungen, Staatsangehörigkeit (Kategorie), Geburtsort und Geschlecht",I,8100,Schweiz,_T,Total,1,In der Schweiz,_T,Total,A,Jährlich,2022,,6081451,,A,Normaler Wert
DATAFLOW,CH1.STATPOP:DF_STATPOP_GEO_NATCAT_ORT_SEX(1.0.0),"Ständige Wohnbevölkerung nach institutionellen Gliederungen, Staatsangehörigkeit (Kategorie), Geburtsort und Geschlecht",I,8100,Schweiz,_T,Total,1,In der Schweiz,_T,Total,A,Jährlich,2023,,6096384,,A,Normaler Wert
DATAFLOW,CH1.STATPOP:DF_STATPOP_GEO_NATCAT_ORT_SEX(1.0.0),"Ständige Wohnbevölkerung nach institutionellen Gliederungen, Staatsangehörigkeit (Kategorie), Geburtsort und Geschlecht",I,8100,Schweiz,_T,Total,1,In der Schweiz,_T,Total,A,Jährlich,2024,,6111865,,A,Normaler Wert
DATAFLOW,CH1.STATPOP:DF_STATPOP_GEO_NATCAT_ORT_SEX(1.0.0),"Ständige Wohnbevölkerung nach institutionellen Gliederungen, Staatsangehörigkeit (Kategorie), Geburtsort und Geschlecht",I,8100,Schweiz,_T,Total,1,In der Schweiz,_T,Total,A,Jährlich,2025,,6127765,,A,Normaler Wert
DATAFLOW,CH1.STATPOP:DF_STATPOP_GEO_NATCAT_ORT_SEX(1.0.0),"Ständige Wohnbevölkerung nach institutionellen Gliederungen, Staatsangehörigkeit (Kategorie), Geburtsort und Geschlecht",I,8100,Schweiz,_T,Total,2,Im Ausland,_T,Total,A,Jährlich,2010,,2097466,,A,Normaler Wert
DATAFLOW,CH1.STATPOP:DF_STATPOP_GEO_NATCAT_ORT_SEX(1.0.0),"Ständige Wohnbevölkerung nach institutionellen Gliederungen, Staatsangehörigkeit (Kategorie), Geburtsort und Geschlecht",I,8100,Schweiz,_T,Total,2,Im Ausland,_T,Total,A,Jährlich,2011,,2158424,,A,Normaler Wert
DATAFLOW,CH1.STATPOP:DF_STATPOP_GEO_NATCAT_ORT_SEX(1.0.0),"Ständige Wohnbevölkerung nach institutionellen Gliederungen, Staatsangehörigkeit (Kategorie), Geburtsort und Geschlecht",I,8100,Schweiz,_T,Total,2,Im Ausland,_T,Total,A,Jährlich,2012,,2218445,,A,Normaler Wert
DATAFLOW,CH1.STATPOP:DF_STATPOP_GEO_NATCAT_ORT_SEX(1.0.0),"Ständige Wohnbevölkerung nach institutionellen Gliederungen, Staatsangehörigkeit (Kategorie), Geburtsort und Geschlecht",I,8100,Schweiz,_T,Total,2,Im Ausland,_T,Total,A,Jährlich,2013,,2289560,,A,Normaler Wert
DATAFLOW,CH1.STATPOP:DF_STATPOP_GEO_NATCAT_ORT_SEX(1.0.0),"Ständige Wohnbevölkerung nach institutionellen Gliederungen, Staatsangehörigkeit (Kategorie), Geburtsort und Geschlecht",I,8100,Schweiz,_T,Total,2,Im Ausland,_T,Total,A,Jährlich,2014,,2354837,,A,Normaler Wert
DATAFLOW,CH1.STATPOP:DF_STATPOP_GEO_NATCAT_ORT_SEX(1.0.0),"Ständige Wohnbevölkerung nach institutionellen Gliederungen, Staatsangehörigkeit (Kategorie), Geburtsort und Geschlecht",I,8100,Schweiz,_T,Total,2,Im Ausland,_T,Total,A,Jährlich,2015,,2416394,,A,Normaler Wert
DATAFLOW,CH1.STATPOP:DF_STATPOP_GEO_NATCAT_ORT_SEX(1.0.0),"Ständige Wohnbevölkerung nach institutionellen Gliederungen, Staatsangehörigkeit (Kategorie), Geburtsort und Geschlecht",I,8100,Schweiz,_T,Total,2,Im Ausland,_T,Total,A,Jährlich,2016,,2480032,,A,Normaler Wert
DATAFLOW,CH1.STATPOP:DF_STATPOP_GEO_NATCAT_ORT_SEX(1.0.0),"Ständige Wohnbevölkerung nach institutionellen Gliederungen, Staatsangehörigkeit (Kategorie), Geburtsort und Geschlecht",I,8100,Schweiz,_T,Total,2,Im Ausland,_T,Total,A,Jährlich,2017,,2519068,,A,Normaler Wert
DATAFLOW,CH1.STATPOP:DF_STATPOP_GEO_NATCAT_ORT_SEX(1.0.0),"Ständige Wohnbevölkerung nach institutionellen Gliederungen, Staatsangehörigkeit (Kategorie), Geburtsort und Geschlecht",I,8100,Schweiz,_T,Total,2,Im Ausland,_T,Total,A,Jährlich,2018,,2553416,,A,Normaler Wert
DATAFLOW,CH1.STATPOP:DF_STATPOP_GEO_NATCAT_ORT_SEX(1.0.0),"Ständige Wohnbevölkerung nach institutionellen Gliederungen, Staatsangehörigkeit (Kategorie), Geburtsort und Geschlecht",I,8100,Schweiz,_T,Total,2,Im Ausland,_T,Total,A,Jährlich,2019,,2590039,,A,Normaler Wert
DATAFLOW,CH1.STATPOP:DF_STATPOP_GEO_NATCAT_ORT_SEX(1.0.0),"Ständige Wohnbevölkerung nach institutionellen Gliederungen, Staatsangehörigkeit (Kategorie), Geburtsort und Geschlecht",I,8100,Schweiz,_T,Total,2,Im Ausland,_T,Total,A,Jährlich,2020,,2630432,,A,Normaler Wert
DATAFLOW,CH1.STATPOP:DF_STATPOP_GEO_NATCAT_ORT_SEX(1.0.0),"Ständige Wohnbevölkerung nach institutionellen Gliederungen, Staatsangehörigkeit (Kategorie), Geburtsort und Geschlecht",I,8100,Schweiz,_T,Total,2,Im Ausland,_T,Total,A,Jährlich,2021,,2672440,,A,Normaler Wert
DATAFLOW,CH1.STATPOP:DF_STATPOP_GEO_NATCAT_ORT_SEX(1.0.0),"Ständige Wohnbevölkerung nach institutionellen Gliederungen, Staatsangehörigkeit (Kategorie), Geburtsort und Geschlecht",I,8100,Schweiz,_T,Total,2,Im Ausland,_T,Total,A,Jährlich,2022,,2733934,,A,Normaler Wert
DATAFLOW,CH1.STATPOP:DF_STATPOP_GEO_NATCAT_ORT_SEX(1.0.0),"Ständige Wohnbevölkerung nach institutionellen Gliederungen, Staatsangehörigkeit (Kategorie), Geburtsort und Geschlecht",I,8100,Schweiz,_T,Total,2,Im Ausland,_T,Total,A,Jährlich,2023,,2865874,,A,Normaler Wert
DATAFLOW,CH1.STATPOP:DF_STATPOP_GEO_NATCAT_ORT_SEX(1.0.0),"Ständige Wohnbevölkerung nach institutionellen Gliederungen, Staatsangehörigkeit (Kategorie), Geburtsort und Geschlecht",I,8100,Schweiz,_T,Total,2,Im Ausland,_T,Total,A,Jährlich,2024,,2939164,,A,Normaler Wert
DATAFLOW,CH1.STATPOP:DF_STATPOP_GEO_NATCAT_ORT_SEX(1.0.0),"Ständige Wohnbevölkerung nach institutionellen Gliederungen, Staatsangehörigkeit (Kategorie), Geburtsort und Geschlecht",I,8100,Schweiz,_T,Total,2,Im Ausland,_T,Total,A,Jährlich,2025,,2999360,,A,Normaler Wert
DATAFLOW,CH1.STATPOP:DF_STATPOP_GEO_NATCAT_ORT_SEX(1.0.0),"Ständige Wohnbevölkerung nach institutionellen Gliederungen, Staatsangehörigkeit (Kategorie), Geburtsort und Geschlecht",I,8100,Schweiz,1,Schweizer/-innen,1,In der Schweiz,_T,Total,A,Jährlich,2010,,5409862,,A,Normaler Wert
DATAFLOW,CH1.STATPOP:DF_STATPOP_GEO_NATCAT_ORT_SEX(1.0.0),"Ständige Wohnbevölkerung nach institutionellen Gliederungen, Staatsangehörigkeit (Kategorie), Geburtsort und Geschlecht",I,8100,Schweiz,1,Schweizer/-innen,1,In der Schweiz,_T,Total,A,Jährlich,2011,,5439241,,A,Normaler Wert
DATAFLOW,CH1.STATPOP:DF_STATPOP_GEO_NATCAT_ORT_SEX(1.0.0),"Ständige Wohnbevölkerung nach institutionellen Gliederungen, Staatsangehörigkeit (Kategorie), Geburtsort und Geschlecht",I,8100,Schweiz,1,Schweizer/-innen,1,In der Schweiz,_T,Total,A,Jährlich,2012,,5455077,,A,Normaler Wert
DATAFLOW,CH1.STATPOP:DF_STATPOP_GEO_NATCAT_ORT_SEX(1.0.0),"Ständige Wohnbevölkerung nach institutionellen Gliederungen, Staatsangehörigkeit (Kategorie), Geburtsort und Geschlecht",I,8100,Schweiz,1,Schweizer/-innen,1,In der Schweiz,_T,Total,A,Jährlich,2013,,5472797,,A,Normaler Wert
DATAFLOW,CH1.STATPOP:DF_STATPOP_GEO_NATCAT_ORT_SEX(1.0.0),"Ständige Wohnbevölkerung nach institutionellen Gliederungen, Staatsangehörigkeit (Kategorie), Geburtsort und Geschlecht",I,8100,Schweiz,1,Schweizer/-innen,1,In der Schweiz,_T,Total,A,Jährlich,2014,,5494217,,A,Normaler Wert
DATAFLOW,CH1.STATPOP:DF_STATPOP_GEO_NATCAT_ORT_SEX(1.0.0),"Ständige Wohnbevölkerung nach institutionellen Gliederungen, Staatsangehörigkeit (Kategorie), Geburtsort und Geschlecht",I,8100,Schweiz,1,Schweizer/-innen,1,In der Schweiz,_T,Total,A,Jährlich,2015,,5514113,,A,Normaler Wert
DATAFLOW,CH1.STATPOP:DF_STATPOP_GEO_NATCAT_ORT_SEX(1.0.0),"Ständige Wohnbevölkerung nach institutionellen Gliederungen, Staatsangehörigkeit (Kategorie), Geburtsort und Geschlecht",I,8100,Schweiz,1,Schweizer/-innen,1,In der Schweiz,_T,Total,A,Jährlich,2016,,5535896,,A,Normaler Wert
DATAFLOW,CH1.STATPOP:DF_STATPOP_GEO_NATCAT_ORT_SEX(1.0.0),"Ständige Wohnbevölkerung nach institutionellen Gliederungen, Staatsangehörigkeit (Kategorie), Geburtsort und Geschlecht",I,8100,Schweiz,1,Schweizer/-innen,1,In der Schweiz,_T,Total,A,Jährlich,2017,,5556371,,A,Normaler Wert
DATAFLOW,CH1.STATPOP:DF_STATPOP_GEO_NATCAT_ORT_SEX(1.0.0),"Ständige Wohnbevölkerung nach institutionellen Gliederungen, Staatsangehörigkeit (Kategorie), Geburtsort und Geschlecht",I,8100,Schweiz,1,Schweizer/-innen,1,In der Schweiz,_T,Total,A,Jährlich,2018,,5576776,,A,Normaler Wert
DATAFLOW,CH1.STATPOP:DF_STATPOP_GEO_NATCAT_ORT_SEX(1.0.0),"Ständige Wohnbevölkerung nach institutionellen Gliederungen, Staatsangehörigkeit (Kategorie), Geburtsort und Geschlecht",I,8100,Schweiz,1,Schweizer/-innen,1,In der Schweiz,_T,Total,A,Jährlich,2019,,5595853,,A,Normaler Wert
DATAFLOW,CH1.STATPOP:DF_STATPOP_GEO_NATCAT_ORT_SEX(1.0.0),"Ständige Wohnbevölkerung nach institutionellen Gliederungen, Staatsangehörigkeit (Kategorie), Geburtsort und Geschlecht",I,8100,Schweiz,1,Schweizer/-innen,1,In der Schweiz,_T,Total,A,Jährlich,2020,,5612417,,A,Normaler Wert
DATAFLOW,CH1.STATPOP:DF_STATPOP_GEO_NATCAT_ORT_SEX(1.0.0),"Ständige Wohnbevölkerung nach institutionellen Gliederungen, Staatsangehörigkeit (Kategorie), Geburtsort und Geschlecht",I,8100,Schweiz,1,Schweizer/-innen,1,In der Schweiz,_T,Total,A,Jährlich,2021,,5633372,,A,Normaler Wert
DATAFLOW,CH1.STATPOP:DF_STATPOP_GEO_NATCAT_ORT_SEX(1.0.0),"Ständige Wohnbevölkerung nach institutionellen Gliederungen, Staatsangehörigkeit (Kategorie), Geburtsort und Geschlecht",I,8100,Schweiz,1,Schweizer/-innen,1,In der Schweiz,_T,Total,A,Jährlich,2022,,5644724,,A,Normaler Wert
DATAFLOW,CH1.STATPOP:DF_STATPOP_GEO_NATCAT_ORT_SEX(1.0.0),"Ständige Wohnbevölkerung nach institutionellen Gliederungen, Staatsangehörigkeit (Kategorie), Geburtsort und Geschlecht",I,8100,Schweiz,1,Schweizer/-innen,1,In der Schweiz,_T,Total,A,Jährlich,2023,,5655416,,A,Normaler Wert
DATAFLOW,CH1.STATPOP:DF_STATPOP_GEO_NATCAT_ORT_SEX(1.0.0),"Ständige Wohnbevölkerung nach institutionellen Gliederungen, Staatsangehörigkeit (Kategorie), Geburtsort und Geschlecht",I,8100,Schweiz,1,Schweizer/-innen,1,In der Schweiz,_T,Total,A,Jährlich,2024,,5666829,,A,Normaler Wert
DATAFLOW,CH1.STATPOP:DF_STATPOP_GEO_NATCAT_ORT_SEX(1.0.0),"Ständige Wohnbevölkerung nach institutionellen Gliederungen, Staatsangehörigkeit (Kategorie), Geburtsort und Geschlecht",I,8100,Schweiz,1,Schweizer/-innen,1,In der Schweiz,_T,Total,A,Jährlich,2025,,5678487,,A,Normaler Wert
DATAFLOW,CH1.STATPOP:DF_STATPOP_GEO_NATCAT_ORT_SEX(1.0.0),"Ständige Wohnbevölkerung nach institutionellen Gliederungen, Staatsangehörigkeit (Kategorie), Geburtsort und Geschlecht",I,8100,Schweiz,1,Schweizer/-innen,2,Im Ausland,_T,Total,A,Jährlich,2010,,693995,,A,Normaler Wert
DATAFLOW,CH1.STATPOP:DF_STATPOP_GEO_NATCAT_ORT_SEX(1.0.0),"Ständige Wohnbevölkerung nach institutionellen Gliederungen, Staatsangehörigkeit (Kategorie), Geburtsort und Geschlecht",I,8100,Schweiz,1,Schweizer/-innen,2,Im Ausland,_T,Total,A,Jährlich,2011,,699427,,A,Normaler Wert
DATAFLOW,CH1.STATPOP:DF_STATPOP_GEO_NATCAT_ORT_SEX(1.0.0),"Ständige Wohnbevölkerung nach institutionellen Gliederungen, Staatsangehörigkeit (Kategorie), Geburtsort und Geschlecht",I,8100,Schweiz,1,Schweizer/-innen,2,Im Ausland,_T,Total,A,Jährlich,2012,,714014,,A,Normaler Wert
DATAFLOW,CH1.STATPOP:DF_STATPOP_GEO_NATCAT_ORT_SEX(1.0.0),"Ständige Wohnbevölkerung nach institutionellen Gliederungen, Staatsangehörigkeit (Kategorie), Geburtsort und Geschlecht",I,8100,Schweiz,1,Schweizer/-innen,2,Im Ausland,_T,Total,A,Jährlich,2013,,729387,,A,Normaler Wert
DATAFLOW,CH1.STATPOP:DF_STATPOP_GEO_NATCAT_ORT_SEX(1.0.0),"Ständige Wohnbevölkerung nach institutionellen Gliederungen, Staatsangehörigkeit (Kategorie), Geburtsort und Geschlecht",I,8100,Schweiz,1,Schweizer/-innen,2,Im Ausland,_T,Total,A,Jährlich,2014,,744990,,A,Normaler Wert
DATAFLOW,CH1.STATPOP:DF_STATPOP_GEO_NATCAT_ORT_SEX(1.0.0),"Ständige Wohnbevölkerung nach institutionellen Gliederungen, Staatsangehörigkeit (Kategorie), Geburtsort und Geschlecht",I,8100,Schweiz,1,Schweizer/-innen,2,Im Ausland,_T,Total,A,Jährlich,2015,,764346,,A,Normaler Wert
DATAFLOW,CH1.STATPOP:DF_STATPOP_GEO_NATCAT_ORT_SEX(1.0.0),"Ständige Wohnbevölkerung nach institutionellen Gliederungen, Staatsangehörigkeit (Kategorie), Geburtsort und Geschlecht",I,8100,Schweiz,1,Schweizer/-innen,2,Im Ausland,_T,Total,A,Jährlich,2016,,782508,,A,Normaler Wert
DATAFLOW,CH1.STATPOP:DF_STATPOP_GEO_NATCAT_ORT_SEX(1.0.0),"Ständige Wohnbevölkerung nach institutionellen Gliederungen, Staatsangehörigkeit (Kategorie), Geburtsort und Geschlecht",I,8100,Schweiz,1,Schweizer/-innen,2,Im Ausland,_T,Total,A,Jährlich,2017,,801367,,A,Normaler Wert
DATAFLOW,CH1.STATPOP:DF_STATPOP_GEO_NATCAT_ORT_SEX(1.0.0),"Ständige Wohnbevölkerung nach institutionellen Gliederungen, Staatsangehörigkeit (Kategorie), Geburtsort und Geschlecht",I,8100,Schweiz,1,Schweizer/-innen,2,Im Ausland,_T,Total,A,Jährlich,2018,,819476,,A,Normaler Wert
DATAFLOW,CH1.STATPOP:DF_STATPOP_GEO_NATCAT_ORT_SEX(1.0.0),"Ständige Wohnbevölkerung nach institutionellen Gliederungen, Staatsangehörigkeit (Kategorie), Geburtsort und Geschlecht",I,8100,Schweiz,1,Schweizer/-innen,2,Im Ausland,_T,Total,A,Jährlich,2019,,834805,,A,Normaler Wert
DATAFLOW,CH1.STATPOP:DF_STATPOP_GEO_NATCAT_ORT_SEX(1.0.0),"Ständige Wohnbevölkerung nach institutionellen Gliederungen, Staatsangehörigkeit (Kategorie), Geburtsort und Geschlecht",I,8100,Schweiz,1,Schweizer/-innen,2,Im Ausland,_T,Total,A,Jährlich,2020,,847095,,A,Normaler Wert
DATAFLOW,CH1.STATPOP:DF_STATPOP_GEO_NATCAT_ORT_SEX(1.0.0),"Ständige Wohnbevölkerung nach institutionellen Gliederungen, Staatsangehörigkeit (Kategorie), Geburtsort und Geschlecht",I,8100,Schweiz,1,Schweizer/-innen,2,Im Ausland,_T,Total,A,Jährlich,2021,,861238,,A,Normaler Wert
DATAFLOW,CH1.STATPOP:DF_STATPOP_GEO_NATCAT_ORT_SEX(1.0.0),"Ständige Wohnbevölkerung nach institutionellen Gliederungen, Staatsangehörigkeit (Kategorie), Geburtsort und Geschlecht",I,8100,Schweiz,1,Schweizer/-innen,2,Im Ausland,_T,Total,A,Jährlich,2022,,874638,,A,Normaler Wert
DATAFLOW,CH1.STATPOP:DF_STATPOP_GEO_NATCAT_ORT_SEX(1.0.0),"Ständige Wohnbevölkerung nach institutionellen Gliederungen, Staatsangehörigkeit (Kategorie), Geburtsort und Geschlecht",I,8100,Schweiz,1,Schweizer/-innen,2,Im Ausland,_T,Total,A,Jährlich,2023,,889554,,A,Normaler Wert
DATAFLOW,CH1.STATPOP:DF_STATPOP_GEO_NATCAT_ORT_SEX(1.0.0),"Ständige Wohnbevölkerung nach institutionellen Gliederungen, Staatsangehörigkeit (Kategorie), Geburtsort und Geschlecht",I,8100,Schweiz,1,Schweizer/-innen,2,Im Ausland,_T,Total,A,Jährlich,2024,,904312,,A,Normaler Wert
DATAFLOW,CH1.STATPOP:DF_STATPOP_GEO_NATCAT_ORT_SEX(1.0.0),"Ständige Wohnbevölkerung nach institutionellen Gliederungen, Staatsangehörigkeit (Kategorie), Geburtsort und Geschlecht",I,8100,Schweiz,1,Schweizer/-innen,2,Im Ausland,_T,Total,A,Jährlich,2025,,920521,,A,Normaler Wert
DATAFLOW,CH1.STATPOP:DF_STATPOP_GEO_NATCAT_ORT_SEX(1.0.0),"Ständige Wohnbevölkerung nach institutionellen Gliederungen, Staatsangehörigkeit (Kategorie), Geburtsort und Geschlecht",I,8100,Schweiz,2,Ausländer/-innen,1,In der Schweiz,_T,Total,A,Jährlich,2010,,362806,,A,Normaler Wert
DATAFLOW,CH1.STATPOP:DF_STATPOP_GEO_NATCAT_ORT_SEX(1.0.0),"Ständige Wohnbevölkerung nach institutionellen Gliederungen, Staatsangehörigkeit (Kategorie), Geburtsort und Geschlecht",I,8100,Schweiz,2,Ausländer/-innen,1,In der Schweiz,_T,Total,A,Jährlich,2011,,356997,,A,Normaler Wert
DATAFLOW,CH1.STATPOP:DF_STATPOP_GEO_NATCAT_ORT_SEX(1.0.0),"Ständige Wohnbevölkerung nach institutionellen Gliederungen, Staatsangehörigkeit (Kategorie), Geburtsort und Geschlecht",I,8100,Schweiz,2,Ausländer/-innen,1,In der Schweiz,_T,Total,A,Jährlich,2012,,365538,,A,Normaler Wert
DATAFLOW,CH1.STATPOP:DF_STATPOP_GEO_NATCAT_ORT_SEX(1.0.0),"Ständige Wohnbevölkerung nach institutionellen Gliederungen, Staatsangehörigkeit (Kategorie), Geburtsort und Geschlecht",I,8100,Schweiz,2,Ausländer/-innen,1,In der Schweiz,_T,Total,A,Jährlich,2013,,377274,,A,Normaler Wert
DATAFLOW,CH1.STATPOP:DF_STATPOP_GEO_NATCAT_ORT_SEX(1.0.0),"Ständige Wohnbevölkerung nach institutionellen Gliederungen, Staatsangehörigkeit (Kategorie), Geburtsort und Geschlecht",I,8100,Schweiz,2,Ausländer/-innen,1,In der Schweiz,_T,Total,A,Jährlich,2014,,388612,,A,Normaler Wert
DATAFLOW,CH1.STATPOP:DF_STATPOP_GEO_NATCAT_ORT_SEX(1.0.0),"Ständige Wohnbevölkerung nach institutionellen Gliederungen, Staatsangehörigkeit (Kategorie), Geburtsort und Geschlecht",I,8100,Schweiz,2,Ausländer/-innen,1,In der Schweiz,_T,Total,A,Jährlich,2015,,396619,,A,Normaler Wert
DATAFLOW,CH1.STATPOP:DF_STATPOP_GEO_NATCAT_ORT_SEX(1.0.0),"Ständige Wohnbevölkerung nach institutionellen Gliederungen, Staatsangehörigkeit (Kategorie), Geburtsort und Geschlecht",I,8100,Schweiz,2,Ausländer/-innen,1,In der Schweiz,_T,Total,A,Jährlich,2016,,403622,,A,Normaler Wert
DATAFLOW,CH1.STATPOP:DF_STATPOP_GEO_NATCAT_ORT_SEX(1.0.0),"Ständige Wohnbevölkerung nach institutionellen Gliederungen, Staatsangehörigkeit (Kategorie), Geburtsort und Geschlecht",I,8100,Schweiz,2,Ausländer/-innen,1,In der Schweiz,_T,Total,A,Jährlich,2017,,408691,,A,Normaler Wert
DATAFLOW,CH1.STATPOP:DF_STATPOP_GEO_NATCAT_ORT_SEX(1.0.0),"Ständige Wohnbevölkerung nach institutionellen Gliederungen, Staatsangehörigkeit (Kategorie), Geburtsort und Geschlecht",I,8100,Schweiz,2,Ausländer/-innen,1,In der Schweiz,_T,Total,A,Jährlich,2018,,414335,,A,Normaler Wert
DATAFLOW,CH1.STATPOP:DF_STATPOP_GEO_NATCAT_ORT_SEX(1.0.0),"Ständige Wohnbevölkerung nach institutionellen Gliederungen, Staatsangehörigkeit (Kategorie), Geburtsort und Geschlecht",I,8100,Schweiz,2,Ausländer/-innen,1,In der Schweiz,_T,Total,A,Jährlich,2019,,420141,,A,Normaler Wert
DATAFLOW,CH1.STATPOP:DF_STATPOP_GEO_NATCAT_ORT_SEX(1.0.0),"Ständige Wohnbevölkerung nach institutionellen Gliederungen, Staatsangehörigkeit (Kategorie), Geburtsort und Geschlecht",I,8100,Schweiz,2,Ausländer/-innen,1,In der Schweiz,_T,Total,A,Jährlich,2020,,427451,,A,Normaler Wert
DATAFLOW,CH1.STATPOP:DF_STATPOP_GEO_NATCAT_ORT_SEX(1.0.0),"Ständige Wohnbevölkerung nach institutionellen Gliederungen, Staatsangehörigkeit (Kategorie), Geburtsort und Geschlecht",I,8100,Schweiz,2,Ausländer/-innen,1,In der Schweiz,_T,Total,A,Jährlich,2021,,432979,,A,Normaler Wert
DATAFLOW,CH1.STATPOP:DF_STATPOP_GEO_NATCAT_ORT_SEX(1.0.0),"Ständige Wohnbevölkerung nach institutionellen Gliederungen, Staatsangehörigkeit (Kategorie), Geburtsort und Geschlecht",I,8100,Schweiz,2,Ausländer/-innen,1,In der Schweiz,_T,Total,A,Jährlich,2022,,436727,,A,Normaler Wert
DATAFLOW,CH1.STATPOP:DF_STATPOP_GEO_NATCAT_ORT_SEX(1.0.0),"Ständige Wohnbevölkerung nach institutionellen Gliederungen, Staatsangehörigkeit (Kategorie), Geburtsort und Geschlecht",I,8100,Schweiz,2,Ausländer/-innen,1,In der Schweiz,_T,Total,A,Jährlich,2023,,440968,,A,Normaler Wert
DATAFLOW,CH1.STATPOP:DF_STATPOP_GEO_NATCAT_ORT_SEX(1.0.0),"Ständige Wohnbevölkerung nach institutionellen Gliederungen, Staatsangehörigkeit (Kategorie), Geburtsort und Geschlecht",I,8100,Schweiz,2,Ausländer/-innen,1,In der Schweiz,_T,Total,A,Jährlich,2024,,445036,,A,Normaler Wert
DATAFLOW,CH1.STATPOP:DF_STATPOP_GEO_NATCAT_ORT_SEX(1.0.0),"Ständige Wohnbevölkerung nach institutionellen Gliederungen, Staatsangehörigkeit (Kategorie), Geburtsort und Geschlecht",I,8100,Schweiz,2,Ausländer/-innen,1,In der Schweiz,_T,Total,A,Jährlich,2025,,449278,,A,Normaler Wert
DATAFLOW,CH1.STATPOP:DF_STATPOP_GEO_NATCAT_ORT_SEX(1.0.0),"Ständige Wohnbevölkerung nach institutionellen Gliederungen, Staatsangehörigkeit (Kategorie), Geburtsort und Geschlecht",I,8100,Schweiz,2,Ausländer/-innen,2,Im Ausland,_T,Total,A,Jährlich,2010,,1403471,,A,Normaler Wert
DATAFLOW,CH1.STATPOP:DF_STATPOP_GEO_NATCAT_ORT_SEX(1.0.0),"Ständige Wohnbevölkerung nach institutionellen Gliederungen, Staatsangehörigkeit (Kategorie), Geburtsort und Geschlecht",I,8100,Schweiz,2,Ausländer/-innen,2,Im Ausland,_T,Total,A,Jährlich,2011,,1458997,,A,Normaler Wert
DATAFLOW,CH1.STATPOP:DF_STATPOP_GEO_NATCAT_ORT_SEX(1.0.0),"Ständige Wohnbevölkerung nach institutionellen Gliederungen, Staatsangehörigkeit (Kategorie), Geburtsort und Geschlecht",I,8100,Schweiz,2,Ausländer/-innen,2,Im Ausland,_T,Total,A,Jährlich,2012,,1504431,,A,Normaler Wert
DATAFLOW,CH1.STATPOP:DF_STATPOP_GEO_NATCAT_ORT_SEX(1.0.0),"Ständige Wohnbevölkerung nach institutionellen Gliederungen, Staatsangehörigkeit (Kategorie), Geburtsort und Geschlecht",I,8100,Schweiz,2,Ausländer/-innen,2,Im Ausland,_T,Total,A,Jährlich,2013,,1560173,,A,Normaler Wert
DATAFLOW,CH1.STATPOP:DF_STATPOP_GEO_NATCAT_ORT_SEX(1.0.0),"Ständige Wohnbevölkerung nach institutionellen Gliederungen, Staatsangehörigkeit (Kategorie), Geburtsort und Geschlecht",I,8100,Schweiz,2,Ausländer/-innen,2,Im Ausland,_T,Total,A,Jährlich,2014,,1609847,,A,Normaler Wert
DATAFLOW,CH1.STATPOP:DF_STATPOP_GEO_NATCAT_ORT_SEX(1.0.0),"Ständige Wohnbevölkerung nach institutionellen Gliederungen, Staatsangehörigkeit (Kategorie), Geburtsort und Geschlecht",I,8100,Schweiz,2,Ausländer/-innen,2,Im Ausland,_T,Total,A,Jährlich,2015,,1652048,,A,Normaler Wert
DATAFLOW,CH1.STATPOP:DF_STATPOP_GEO_NATCAT_ORT_SEX(1.0.0),"Ständige Wohnbevölkerung nach institutionellen Gliederungen, Staatsangehörigkeit (Kategorie), Geburtsort und Geschlecht",I,8100,Schweiz,2,Ausländer/-innen,2,Im Ausland,_T,Total,A,Jährlich,2016,,1697524,,A,Normaler Wert
DATAFLOW,CH1.STATPOP:DF_STATPOP_GEO_NATCAT_ORT_SEX(1.0.0),"Ständige Wohnbevölkerung nach institutionellen Gliederungen, Staatsangehörigkeit (Kategorie), Geburtsort und Geschlecht",I,8100,Schweiz,2,Ausländer/-innen,2,Im Ausland,_T,Total,A,Jährlich,2017,,1717701,,A,Normaler Wert
DATAFLOW,CH1.STATPOP:DF_STATPOP_GEO_NATCAT_ORT_SEX(1.0.0),"Ständige Wohnbevölkerung nach institutionellen Gliederungen, Staatsangehörigkeit (Kategorie), Geburtsort und Geschlecht",I,8100,Schweiz,2,Ausländer/-innen,2,Im Ausland,_T,Total,A,Jährlich,2018,,1733940,,A,Normaler Wert
DATAFLOW,CH1.STATPOP:DF_STATPOP_GEO_NATCAT_ORT_SEX(1.0.0),"Ständige Wohnbevölkerung nach institutionellen Gliederungen, Staatsangehörigkeit (Kategorie), Geburtsort und Geschlecht",I,8100,Schweiz,2,Ausländer/-innen,2,Im Ausland,_T,Total,A,Jährlich,2019,,1755234,,A,Normaler Wert
DATAFLOW,CH1.STATPOP:DF_STATPOP_GEO_NATCAT_ORT_SEX(1.0.0),"Ständige Wohnbevölkerung nach institutionellen Gliederungen, Staatsangehörigkeit (Kategorie), Geburtsort und Geschlecht",I,8100,Schweiz,2,Ausländer/-innen,2,Im Ausland,_T,Total,A,Jährlich,2020,,1783337,,A,Normaler Wert
DATAFLOW,CH1.STATPOP:DF_STATPOP_GEO_NATCAT_ORT_SEX(1.0.0),"Ständige Wohnbevölkerung nach institutionellen Gliederungen, Staatsangehörigkeit (Kategorie), Geburtsort und Geschlecht",I,8100,Schweiz,2,Ausländer/-innen,2,Im Ausland,_T,Total,A,Jährlich,2021,,1811202,,A,Normaler Wert
DATAFLOW,CH1.STATPOP:DF_STATPOP_GEO_NATCAT_ORT_SEX(1.0.0),"Ständige Wohnbevölkerung nach institutionellen Gliederungen, Staatsangehörigkeit (Kategorie), Geburtsort und Geschlecht",I,8100,Schweiz,2,Ausländer/-innen,2,Im Ausland,_T,Total,A,Jährlich,2022,,1859296,,A,Normaler Wert
DATAFLOW,CH1.STATPOP:DF_STATPOP_GEO_NATCAT_ORT_SEX(1.0.0),"Ständige Wohnbevölkerung nach institutionellen Gliederungen, Staatsangehörigkeit (Kategorie), Geburtsort und Geschlecht",I,8100,Schweiz,2,Ausländer/-innen,2,Im Ausland,_T,Total,A,Jährlich,2023,,1976320,,A,Normaler Wert
DATAFLOW,CH1.STATPOP:DF_STATPOP_GEO_NATCAT_ORT_SEX(1.0.0),"Ständige Wohnbevölkerung nach institutionellen Gliederungen, Staatsangehörigkeit (Kategorie), Geburtsort und Geschlecht",I,8100,Schweiz,2,Ausländer/-innen,2,Im Ausland,_T,Total,A,Jährlich,2024,,2034852,,A,Normaler Wert
DATAFLOW,CH1.STATPOP:DF_STATPOP_GEO_NATCAT_ORT_SEX(1.0.0),"Ständige Wohnbevölkerung nach institutionellen Gliederungen, Staatsangehörigkeit (Kategorie), Geburtsort und Geschlecht",I,8100,Schweiz,2,Ausländer/-innen,2,Im Ausland,_T,Total,A,Jährlich,2025,,2078839,,A,Normaler Wert
