"Jahr","Bevölkerungsstand am 31. Dezember Staatsangehörigkeit - Total Referenzszenario A-00-2025","Bevölkerungsstand am 31. Dezember Staatsangehörigkeit - Total 'hohes' Szenario B-00-2025","Bevölkerungsstand am 31. Dezember Staatsangehörigkeit - Total 'tiefes' Szenario C-00-2025","Bevölkerungsstand am 31. Dezember Schweiz Referenzszenario A-00-2025","Bevölkerungsstand am 31. Dezember Schweiz 'hohes' Szenario B-00-2025","Bevölkerungsstand am 31. Dezember Schweiz 'tiefes' Szenario C-00-2025","Bevölkerungsstand am 31. Dezember Ausland EWR Referenzszenario A-00-2025","Bevölkerungsstand am 31. Dezember Ausland EWR 'hohes' Szenario B-00-2025","Bevölkerungsstand am 31. Dezember Ausland EWR 'tiefes' Szenario C-00-2025","Bevölkerungsstand am 31. Dezember Ausland Nicht-EWR Referenzszenario A-00-2025","Bevölkerungsstand am 31. Dezember Ausland Nicht-EWR 'hohes' Szenario B-00-2025","Bevölkerungsstand am 31. Dezember Ausland Nicht-EWR 'tiefes' Szenario C-00-2025"
"2025",9110251,9173280,9046995,6606902,6639708,6574024,1584278,1607774,1560739,919071,925798,912232
"2026",9183137,9280089,9085730,6637237,6688065,6586133,1614211,1650015,1578388,931689,942009,921209
"2027",9255056,9386909,9122405,6666678,6736083,6596644,1644133,1692552,1595749,944245,958274,930012
"2028",9325771,9493334,9156985,6694979,6783388,6605522,1674050,1735346,1612826,956742,974600,938637
"2029",9395055,9599209,9189472,6721935,6829858,6612708,1703944,1778383,1629671,969176,990968,947093
"2030",9462885,9704335,9219804,6747508,6875293,6618145,1733827,1821663,1646274,981550,1007379,955385
"2031",9529186,9808603,9247954,6771610,6919619,6621770,1763706,1865159,1662671,993870,1023825,963513
"2032",9591362,9909472,9271464,6794142,6962804,6623619,1791085,1906359,1676359,1006135,1040309,971486
"2033",9649441,10006799,9290472,6815181,7004756,6623817,1815921,1945208,1687348,1018339,1056835,979307
