"Jahr","Referenzszenario EFZ","Szenario 'hoch' EFZ","Szenario 'tief' EFZ","Referenzszenario EBA","Szenario 'hoch' EBA","Szenario 'tief' EBA"
2023,67157,67901,66423,7438,7519,7358
2024,68959,70014,67911,7801,7918,7687
2025,70503,71950,69060,8169,8335,8005
2026,71609,73582,69645,8385,8611,8156
2027,72175,74280,70070,8489,8731,8245
2028,72633,74774,70502,8506,8753,8259
2029,73496,75993,71009,8513,8796,8231
2030,74349,77035,71666,8543,8848,8240
2031,75000,77809,72183,8581,8898,8265
2032,75602,78551,72658,8587,8917,8256
2033,76016,79089,72944,8684,9029,8337
