"Jahr","Ausbildungsfeld - Total","Audiovisuelle Techniken und Medienproduktion","Mode, Innenarchitektur und industrielles Design","Kunsthandwerk","Musik und darstellende Kunst","Bibliothek, Informationswesen, Archiv","Wirtschaft und Verwaltung nicht näher definiert","Management und Verwaltung","Sekretariats- und Büroarbeit","Gross- und Einzelhandel","Computeranwendung","Datenbanken, Netzwerkdesign und -administration","Software- und Applikationsentwicklung und -analyse","Ingenieurwesen und Technische Berufe nicht näher definiert","Chemie und Verfahrenstechnik","Umweltschutztechnologien","Elektrizität und Energie","Elektronik und Automation","Maschinenbau und Metallverarbeitung","Kraftfahrzeuge, Schiffe und Flugzeuge","Nahrungsmittel","Werkstoffe (Glas, Papier, Kunststoff und Holz)","Textilien (Kleidung, Schuhwerk und Leder)","Architektur und Städteplanung","Baugewerbe, Hoch- und Tiefbau","Pflanzenbau und Tierzucht","Gartenbau","Forstwirtschaft","Tiermedizin","Zahnmedizin","Krankenpflege und Geburtshilfe","Medizinische Diagnostik und Behandlungstechnik","Therapie und Rehabilitation","Pharmazie","Pflege von alten oder behinderten Personen","Kinder- und Jugendarbeit","Sozialarbeit und Beratung","Interdisziplinäre Programme und Qualifikationen mit Gesundheit und Sozialwesen","Hauswirtschaftliche Dienste","Friseurgewerbe und Schönheitspflege","Gastgewerbe und Catering","Sport","Verkehrsdienstleistungen"
"2010",75172,1415,481,536,18,98,104,0,12432,8498,0,25,1758,0,663,37,3136,1844,4614,4630,1631,1882,488,1877,7477,1665,1364,327,187,1036,3703,1261,164,0,0,0,2561,0,1619,1756,3975,0,1910
"2011",75769,1473,465,519,27,105,0,0,13293,8514,0,96,1737,0,669,49,3279,1938,4593,4542,1594,1920,457,1791,7759,1760,1342,336,233,1102,3243,1219,0,0,0,0,2723,0,1681,1451,3825,0,2034
"2012",76519,1474,412,470,30,98,0,0,13146,8305,0,99,1874,0,673,35,3376,1867,4698,4453,1531,2014,489,1929,7344,1889,1501,339,211,1005,3576,1205,0,0,0,0,3327,47,1740,1567,3718,0,2077
"2013",78196,1283,398,483,51,76,0,0,14808,8357,0,129,1923,0,627,39,3476,1908,4632,4389,1446,1923,443,1824,7360,1848,1495,338,187,1008,3825,1205,0,0,0,0,3668,91,1780,1447,3579,0,2150
"2014",78264,1383,394,449,57,103,0,0,15065,8018,0,107,1929,0,658,47,3583,1795,4660,4321,1370,1884,466,1802,6960,1796,1511,336,200,1035,4124,1302,0,0,0,0,3939,83,1691,1436,3493,0,2267
"2015",77266,1345,381,403,44,82,0,0,14848,7800,0,116,1946,0,690,44,3491,1804,4487,4118,1448,1826,458,1810,6860,1836,1376,324,201,1022,4159,1254,0,0,0,0,4098,117,1829,1354,3409,0,2286
"2016",77573,1391,350,417,51,88,0,0,14780,7720,0,102,2054,0,662,55,3373,1710,4338,4086,1378,1873,436,1703,6728,1871,1405,317,192,1009,4584,1338,0,0,0,0,4448,127,1920,1291,3322,0,2454
"2017",76254,1328,367,358,47,85,0,0,14276,7402,0,106,2051,0,650,49,3293,1621,4139,4046,1334,1783,438,1720,6465,1857,1379,324,209,1026,4819,1340,0,0,0,0,4700,155,1948,1285,3216,0,2438
"2018",75576,1374,344,361,61,85,0,0,13527,7208,0,239,2020,0,657,52,3390,1593,4063,4074,1301,1748,419,1756,6542,1787,1388,304,215,1031,4818,1373,0,0,0,0,4881,150,1887,1223,3257,0,2448
"2019",75780,1355,322,357,61,85,0,0,13290,7139,0,242,2170,0,652,41,3461,1616,4192,4096,1269,1781,439,1709,6511,1680,1400,334,243,986,4927,1356,0,0,0,0,4951,143,1955,1164,3294,0,2559
"2020",75632,1369,308,341,53,86,0,0,13244,6897,0,259,2192,0,657,49,3569,1622,4015,4027,1306,1774,407,1683,6424,1906,1406,336,209,1097,4974,1346,0,0,0,0,5102,140,2010,1081,3166,0,2577
"2021",74816,1383,300,346,70,83,0,0,12651,6872,357,386,1799,0,664,57,3515,1615,3883,4064,1259,1756,428,1613,6285,1919,1397,317,260,1113,4952,1296,0,0,0,0,5353,132,1983,1068,2976,0,2664
"2022",73992,1428,295,324,75,85,0,0,12648,5730,248,408,2029,0,679,54,3429,1567,3885,4101,1153,1650,396,1720,6030,1926,1318,324,263,1110,4857,1440,0,1000,0,0,5330,156,1831,927,2820,0,2756
"2023",75430,1437,302,355,49,92,0,102,13082,5405,144,437,2234,0,703,49,3606,1633,3991,4163,1066,1708,399,1758,5821,1931,1224,326,279,1160,5158,1488,0,1016,0,0,5688,134,1733,956,2961,0,2840
"2024",76334,1421,292,345,51,82,0,152,13056,5266,2,520,2359,0,648,47,3716,1671,4120,4240,1072,1636,413,1704,6246,1865,1215,343,265,1206,5161,1508,0,1046,0,0,6057,143,1959,903,2767,0,2837
"2025",76793,1410,282,327,52,93,0,169,12876,5328,0,479,2234,0,643,50,3797,1700,4003,4272,1130,1668,362,1605,6478,1875,1211,327,264,1244,5378,1626,0,1075,0,0,6045,146,2074,963,2853,0,2754
