"Bildungsstufe und Bildungstyp","Jahr","Staatsangehörigkeit - Total","Schweiz","Ausland"
"Berufliche Grundbildung","2009/10",229079,190658,36088
"Berufliche Grundbildung","2010/11",228575,189382,38667
"Berufliche Grundbildung","2011/12",231439,184370,37774
"Berufliche Grundbildung","2012/13",229807,188910,40738
"Berufliche Grundbildung","2013/14",229230,187021,42094
"Berufliche Grundbildung","2014/15",229581,185832,43528
"Berufliche Grundbildung","2015/16",226822,182172,44551
"Berufliche Grundbildung","2016/17",224776,179251,45451
"Berufliche Grundbildung","2017/18",223047,176422,46583
"Berufliche Grundbildung","2018/19",219914,172018,47867
"Berufliche Grundbildung","2019/20",217767,168682,49055
"Berufliche Grundbildung","2020/21",215596,165376,50196
"Berufliche Grundbildung","2021/22",215609,164115,51469
"Berufliche Grundbildung","2022/23",213017,161703,51285
"Berufliche Grundbildung","2023/24",214621,162377,52214
"Berufliche Grundbildung","2024/25",217096,163243,53805
"Allgemeinbildende Ausbildungen","2009/10",87381,74461,11721
"Allgemeinbildende Ausbildungen","2010/11",92087,75594,16317
"Allgemeinbildende Ausbildungen","2011/12",91970,74852,15684
"Allgemeinbildende Ausbildungen","2012/13",93986,76582,17121
"Allgemeinbildende Ausbildungen","2013/14",95262,76869,18295
"Allgemeinbildende Ausbildungen","2014/15",96710,77484,19029
"Allgemeinbildende Ausbildungen","2015/16",96840,77112,19649
"Allgemeinbildende Ausbildungen","2016/17",98289,78376,19779
"Allgemeinbildende Ausbildungen","2017/18",99517,78908,20454
"Allgemeinbildende Ausbildungen","2018/19",99909,78910,20910
"Allgemeinbildende Ausbildungen","2019/20",101086,79660,21354
"Allgemeinbildende Ausbildungen","2020/21",104475,81732,22647
"Allgemeinbildende Ausbildungen","2021/22",106286,82733,23458
"Allgemeinbildende Ausbildungen","2022/23",108029,83288,24660
"Allgemeinbildende Ausbildungen","2023/24",109856,84204,25576
"Allgemeinbildende Ausbildungen","2024/25",111894,84966,26838
