"Bildungsstufe und Bildungstyp","Jahr","Schweiz","Zürich","Bern / Berne","Luzern","Uri","Schwyz","Obwalden","Nidwalden","Glarus","Zug","Fribourg / Freiburg","Solothurn","Basel-Stadt","Basel-Landschaft","Schaffhausen","Appenzell Ausserrhoden","Appenzell Innerrhoden","St. Gallen","Graubünden / Grigioni / Grischun","Aargau","Thurgau","Ticino","Vaud","Valais / Wallis","Neuchâtel","Genève","Jura"
"Berufliche Grundbildung","2009/10",229079,40785,33695,15042,788,2872,814,799,1294,2760,6640,6347,6561,5800,2019,979,0,20212,5853,17143,5992,8444,19136,8895,5469,8626,2114
"Berufliche Grundbildung","2010/11",228575,40350,32162,14901,772,2826,818,800,1257,2897,6773,6093,6495,6079,2080,947,0,19895,6039,16993,5816,8957,19421,9290,5840,8924,2150
"Berufliche Grundbildung","2011/12",231439,41080,33080,14884,776,2905,776,777,1212,2966,6827,5896,6615,6176,2106,945,0,19636,5796,17194,5908,8942,20140,9369,5943,9310,2180
"Berufliche Grundbildung","2012/13",229807,42189,32328,14774,740,2877,712,771,1153,3004,6565,6003,6428,6120,2237,974,0,19368,5669,17074,5888,8879,19875,8766,5986,9279,2148
"Berufliche Grundbildung","2013/14",229230,42276,32573,14833,748,2890,722,769,1103,2929,6527,6019,6430,5651,2202,976,0,19429,5544,17078,5780,8980,19937,8689,6068,8931,2146
"Berufliche Grundbildung","2014/15",229581,42019,32643,14853,729,2906,761,793,1120,2904,7200,5982,6489,5799,2075,982,0,19079,5389,17103,5820,9278,19914,8551,6079,8876,2237
"Berufliche Grundbildung","2015/16",226822,41668,32040,14532,706,2947,773,779,1072,2939,7119,6123,6440,5843,2126,945,0,18648,5386,16742,5788,9057,19534,8341,5979,9054,2241
"Berufliche Grundbildung","2016/17",224776,41207,31646,14389,685,2959,789,754,1046,2965,6953,5983,6339,5838,2080,933,0,18420,5364,16703,5722,8994,19365,8494,5740,9175,2233
"Berufliche Grundbildung","2017/18",223047,41267,31289,14346,686,2938,753,710,1065,2927,6931,5816,6182,5756,2019,941,0,18279,5329,16548,5589,8991,19189,8495,5675,9215,2111
"Berufliche Grundbildung","2018/19",219914,41102,30790,14054,668,2830,796,694,1093,2861,6890,5817,6079,5698,1998,891,0,17955,5205,16360,5411,8966,18939,8259,5436,9072,2050
"Berufliche Grundbildung","2019/20",217767,41158,30187,13888,679,2798,782,662,1116,2817,6682,5789,6011,5619,2030,915,0,17833,5173,16068,5367,8855,18902,8058,5276,9026,2076
"Berufliche Grundbildung","2020/21",215596,41082,29879,13828,656,2708,774,646,1079,2849,6727,5820,5766,5631,2060,922,0,17423,5057,15527,5338,8828,18799,7992,5178,8959,2068
"Berufliche Grundbildung","2021/22",215609,41100,29521,13889,674,2788,782,645,1087,2891,6796,5767,5734,5657,2043,873,0,17201,5008,15519,5353,8951,19006,7988,5207,9050,2079
"Berufliche Grundbildung","2022/23",213017,40837,28931,13785,637,2739,770,625,1062,2915,6565,5738,5641,5681,1997,898,0,16772,4851,15576,5396,8901,18645,7955,5163,8910,2027
"Berufliche Grundbildung","2023/24",214621,41385,28889,13959,598,2743,756,601,1070,3067,7008,5639,5650,5840,2027,874,0,16360,4885,15663,5650,9090,18782,8106,5025,9007,1947
"Berufliche Grundbildung","2024/25",217096,42041,29127,14198,579,2715,754,607,1037,3133,6932,5708,5752,5946,2048,923,0,16451,4908,16092,5800,9201,18827,8171,4901,9204,2041
"Allgemeinbildende Ausbildungen","2009/10",87381,9123,7500,3540,257,1315,285,279,235,1143,4411,1570,3108,4313,553,378,171,3243,1839,4676,1872,5771,10834,4280,2578,13324,783
"Allgemeinbildende Ausbildungen","2010/11",92087,9992,7343,3426,229,1295,286,282,249,1290,4651,1568,3052,4620,583,349,172,3331,1878,4847,1888,6039,13339,4138,2594,13864,782
"Allgemeinbildende Ausbildungen","2011/12",91970,10233,7268,3384,231,1312,292,269,266,1464,4585,1536,2900,4678,578,333,171,3317,1767,4818,1872,6147,12542,4382,2466,14330,829
"Allgemeinbildende Ausbildungen","2012/13",93986,10668,7580,3348,209,1299,280,265,268,1454,4650,1486,2939,4633,569,359,163,3359,1712,5124,1822,6382,13007,4588,2386,14584,852
"Allgemeinbildende Ausbildungen","2013/14",95262,10859,7648,3465,194,1304,266,232,242,1466,4742,1512,2960,4660,569,381,155,3527,1598,5225,1770,6406,13380,4688,2377,14785,851
"Allgemeinbildende Ausbildungen","2014/15",96710,11061,7643,3457,196,1276,282,214,232,1452,4771,1681,2936,4686,558,384,151,3616,1611,5245,1691,6446,14015,4755,2271,15213,867
"Allgemeinbildende Ausbildungen","2015/16",96840,11120,7499,3364,175,1286,249,231,215,1463,4544,1749,2882,4703,573,387,152,3630,1631,5201,1733,6565,14375,4784,2311,15102,916
"Allgemeinbildende Ausbildungen","2016/17",98289,11330,7562,3239,163,1339,287,238,229,1597,4683,1751,2930,4529,528,334,138,3533,1615,5246,1780,6707,15189,4799,2361,15267,915
"Allgemeinbildende Ausbildungen","2017/18",99517,11540,7455,3111,153,1340,300,258,200,1562,4805,1726,3167,4615,536,334,133,3641,1636,5207,1846,6631,15930,4793,2436,15291,871
"Allgemeinbildende Ausbildungen","2018/19",99909,11684,7579,2982,154,1362,291,226,211,1616,4979,1630,3439,4583,520,314,123,3594,1605,5165,1837,6468,15954,4875,2368,15505,845
"Allgemeinbildende Ausbildungen","2019/20",101086,12027,7548,3002,167,1340,290,236,218,1628,5121,1560,3485,4587,501,301,107,3589,1577,5247,1882,6466,16197,5015,2388,15765,842
"Allgemeinbildende Ausbildungen","2020/21",104475,12517,7870,3021,163,1328,296,225,223,1653,5292,1668,3688,4681,549,330,91,3667,1617,5348,1907,6566,17074,5160,2507,16171,863
"Allgemeinbildende Ausbildungen","2021/22",106286,12928,8061,3061,159,1291,277,242,229,1724,5198,1699,3991,4721,580,329,95,3717,1588,5360,1937,6630,17580,5259,2591,16150,889
"Allgemeinbildende Ausbildungen","2022/23",108029,13089,8326,3087,152,1272,295,221,244,1801,5274,1706,4082,4856,593,363,96,3818,1589,5462,1947,6781,17906,5327,2553,16317,872
"Allgemeinbildende Ausbildungen","2023/24",109856,13439,8679,3211,155,1289,272,224,265,1922,5171,1819,4104,4988,613,393,112,4034,1589,5591,1986,6808,17997,5417,2518,16357,903
"Allgemeinbildende Ausbildungen","2024/25",111894,13900,8910,3362,166,1269,270,212,240,1973,5097,1865,4161,5096,651,381,113,4103,1569,5803,2002,6681,18470,5480,2560,16717,843
